{
    "playlists": [{
            "id": 0,
            "name": "90's Mega Mix",
            "songs": [20, 21, 56, 80, 99]
        },
        {
            "id": 1,
            "name": "Workout Tracks",
            "songs": [20, 21, 56, 80, 99, 100, 200, 300]
        },
        {
            "id": 2,
            "name": "Daft Punk mix",
            "songs": [147, 148, 149, 150, 151, 152, 153, 154, 155, 156, 157, 158, 159, 160, 161, 162, 163, 164, 165, 166, 167, 168, 169, 170, 171, 172, 173, 174, 175, 176, 177, 178, 179, 180, 181, 182, 183, 184, 185, 186, 187, 188, 189, 190, 191, 192, 193, 194, 195, 196]
        },
        {
            "id": 3,
            "name": "Test 1",
            "songs": []
        },
        {
            "id": 4,
            "name": "Test 2",
            "songs": []
        },
        {
            "id": 5,
            "name": "Test 3",
            "songs": []
        }
    ]
}